fecha_extraccion,operacion,tipo_propiedad,titulo,precio_usd,alicuota_usd,superficie_m2,habitaciones,banos,estacionamientos,ubicacion_textual,ciudad,provincia,texto_card,url_aviso,pagina_resultado
2026-03-28T23:19:28.230924,alquiler,departamento,Departamento de lujo en renta en campo alegre,1950.0,110.0,442,3,3.0,4,"Del Platero y Del Gorrión Monteserrín, Quito",Quito,Pichincha,"USD 1.950 USD 110 Alícuota 442 m² tot. 3 hab. 3 baños 4 estac. Del Platero y Del Gorrión Monteserrín, Quito Cómodo, amplio, con mucha privacidad y vista este departamento está dentro de la urbanización más bonita y con altos estándares de seguridad del centro norte de Quito Campo Alegre. Renta: $1. 950 más alícuota $110. venta: $595. 000. Cuenta con: Cocina estilo americana con alacena. Sala-comedor muy amplios con vista. Dormitorio Master con baño privado y 2 Walking Closet. Espacio grande para un estudio/ sala de tv / Gimnasio. Dos dormitorios con baño privado cada uno y Walking Closet. Terraza con área bbq. Baño social. Área de lavandería. Bodega. Cuatro estacionamientos. El departamento cuenta con puertas blindadas. Hermosa vista al bosque dentro de un edificio moderno y minimalista. La Urbanización cuenta con seguridad privada. La Urbanización cuenta con juegos infantiles, canchas de futbol, básquet, vóley, tenis y una Capilla. Juegos para mascotas",https://www.plusvalia.com/propiedades/clasificado/alclapin-departamento-de-lujo-en-renta-en-campo-alegre-149126198.html?n_src=Listado&n_pg=1&n_pos=1,https://www.plusvalia.com/alquiler/departamentos/pichincha/quito
2026-03-28T23:19:28.232688,alquiler,departamento,USD 650 78 m² tot. 2 hab. 2,650.0,,78,2,2.0,1,"Luxemburgo República de El Salvador, Quito",Quito,Pichincha,"USD 650 78 m² tot. 2 hab. 2 baños 1 estac. Luxemburgo República de El Salvador, Quito Hermoso Departamento amoblado Ubicado en el sector de la Luxemburgo cerca de todo. A 1 min de de la republica de salvador. a una cuadra de la Av. De los Shyris. Area del Departamento 78m² 2 Dormitorios. 2 baños Completos. 1 Parqueadero. 1 Bodega. no mascotas. valor de renta: $650 inc Alicuota ( incliye el servicio de Gas y Agua)",https://www.plusvalia.com/propiedades/clasificado/alclapin-$650-2-dorm.-amoblado-luxemburgo-republica-del-149360840.html?n_src=Listado&n_pg=1&n_pos=2,https://www.plusvalia.com/alquiler/departamentos/pichincha/quito
2026-03-28T23:19:28.233162,alquiler,departamento,USD 700 USD 1 Alícuota 100 m² tot.,700.0,1.0,100,2,2.0,1,"Luxemburgo República de El Salvador, Quito",Quito,Pichincha,"USD 700 USD 1 Alícuota 100 m² tot. 2 hab. 2 baños 1 estac. Luxemburgo República de El Salvador, Quito Departamento 2 dormitorios amoblado, Luxemburgo. Moderno con vista al parque La Carolina. 2 dormitorios cada uno con su baño privado. 1 baño social. Sala. Comedor. Cocina de concepto abierto. Área de máquinas. 1 parqueadero. No mascotas. El edificio cuenta con. Seguridad 24/7, ascensores, sala de reuniones. Y area de bbq. Muy cerca a la shyris, Portugal, Quicentro, parque La Carolina.",https://www.plusvalia.com/propiedades/clasificado/alclapin-departamento-2-dorm.-amoblado-luxemburgo-149338551.html?n_src=Listado&n_pg=1&n_pos=3,https://www.plusvalia.com/alquiler/departamentos/pichincha/quito
2026-03-28T23:19:28.233236,alquiler,departamento,Departamento por estrenar ubicado en zona de alto,1500.0,,101,2,2.0,2,"Ruta Viva Tumbaco, Quito",Quito,Pichincha,"USD 1.500 101 m² tot. 2 hab. 2 baños 2 estac. Ruta Viva Tumbaco, Quito Departamento por estrenar ubicado en zona de alto crecimiento y plusvalía de Tumbaco. Edificio Artemira: tiene áreas comunales con piscina, área de bbq, gimnasio, co-working, seguridad y planta eléctrica. Además el edifico cuenta con planta eléctrica, cisterna y ascensor desde el subsuelo de parqueaderos hasta el roof top. Estilo: Moderno y atemporal. El departamento 301, tiene: 81, 25 m2 totales. - 18, 72 m2 de sala exterior. - 2 habitaciones con cortinas screen y black out. - 2 baños completos. - Sala, comedor y cocina estilo americano que se integran con la sala exterior. - La cocina con muebles Madeval. - Área de lavandería junto a la cocina. - 2 parqueaderos. - 1 Bodega. Se entrega totalmente equipado con iluminación",https://www.plusvalia.com/propiedades/clasificado/veclapin-departamento-por-estrenar-ubicado-en-zona-de-alto-147274343.html?n_src=Listado&n_pg=1&n_pos=4,https://www.plusvalia.com/alquiler/departamentos/pichincha/quito
2026-03-28T23:19:28.233319,alquiler,departamento,USD 600 110 m² tot. 3 hab. 2,600.0,,110,3,2.0,2,"De Los Laureles Monteserrín, Quito",Quito,Pichincha,"USD 600 110 m² tot. 3 hab. 2 baños 2 estac. De Los Laureles Monteserrín, Quito Departamento en renta 3 dormitorios, 2 baños, 2 parqueaderos, $600 incluido agua caliente, gas y alícuota de 100usd. Área 110m2. 3 dormitorios. 2 baños completos. Sala comedor. Cocina Cerrada con área de lavandería para una torre eléctrica. 2 Parqueaderos en línea. 1 Bodega, tendedero en terraza. Canon de renta 600 usd incluido alícuota. 2 meses de Garantía. El edificio cuenta con: Guardia hasta las 6pm, sistema de alarma, bbq, terraza, sala comunal. cbr Hilda Torres. Ver datos",https://www.plusvalia.com/propiedades/clasificado/alclapin-h-monteserrin-departamento-en-renta-3-dorm.-148865081.html?n_src=Listado&n_pg=1&n_pos=5,https://www.plusvalia.com/alquiler/departamentos/pichincha/quito
2026-03-28T23:19:28.233412,alquiler,departamento,Renta o venta hermoso depto de 3 domitorios con,2300.0,1.0,189,3,3.0,2,"CUMBAYA Cumbayá, Quito",Quito,Pichincha,"USD 2.300 USD 1 Alícuota 189 m² tot. 3 hab. 3 baños 2 estac. CUMBAYA Cumbayá, Quito - vende ó renta- la renta es amoblado. ubicacion - cumbaya - sector site center. hermoso departamento de 3 dormitorios con amplio balcon - terraza. 3 domitorios cada uno con su baño. cocina abierta con area de desayunador. are de lavanderia. baño social. amplia sala - comedor. amplio balcon. 2 parqueaderos. bodega. edificio moderno con seguridad 24 hs - presenscial. area de bbq. area de juegos. gimnasio. piscina",https://www.plusvalia.com/propiedades/clasificado/veclapin-renta-o-venta-hermoso-depto-de-3-domitorios-con-62842181.html?n_src=Listado&n_pg=1&n_pos=6,https://www.plusvalia.com/alquiler/departamentos/pichincha/quito
2026-03-28T23:19:28.233508,alquiler,departamento,Br cumbaya en renta suite amoblada 60 m,750.0,1.0,72,1,1.0,1,"Cumbayá, Quito",Quito,Pichincha,"USD 750 USD 1 Alícuota 72 m² tot. 1 hab. 1 baño Leonardo Da Vinci y Miguel Angel, Cumbayá, Quito Cumbaya, la primavera, En renta suite amoblada 60 m2, cuenta con todos los servicios básicos incluidos luz, agua, internet, Residencia de departamentos y suites cerca a la Iglesia de la Primavera, Scala Shopping, a 10 minutos de la usfq ideal para estudiantes de la usfq, ejecutivos que trabajan por el sector de CumbayáNo es edificio, No se aceptan mascotas -60 mt2 habitables, acabados de lujo, totalmente amoblada y equipada- Cocina estilo americano, sala comedor, pequeña area de escritorio- Habitación con cama king, closets, 1 baño completo- 1 garage- Área de máquinas comunal, área de bbq y estar &quot;A un click de tu nuevo hogar&quot;",https://www.plusvalia.com/propiedades/clasificado/alclapin-br-cumbaya-en-renta-suite-amoblada-60-m-149137552.html?n_src=Listado&n_pg=1&n_pos=7,https://www.plusvalia.com/alquiler/departamentos/pichincha/quito
2026-03-28T23:19:28.234059,alquiler,departamento,Alquiler departamento sector el condado,430.0,,130,3,1.0,2,"Urbanizacion EL Condado El Condado, Quito",Quito,Pichincha,"USD 430 130 m² tot. 3 hab. 1 baño 2 estac. Urbanizacion EL Condado El Condado, Quito Departamento de alquiler en la urbanización el condadoexcelente ubicaciónZona residencial Facilidad de acceso en transporte público o privadoCerca del centro comercial El Condado, supermercados, centros educativos, centros médicos, restaurantes y cafeteríasEstá ubicado en un edificio con 3 departametos en total 1 por pisoCuenta con muy buena iluminación natural desde la planta baja del edificioÁrea 130m2Está distribuido en sala con chimenea, comedor, cocina independiente con espacio para lavadora, estudio, baño social, 3 habitaciones y 1 baño completo2 Parqueaderos1 BodegaLa urbanización cuenta con guardianía 24 horas, área verde, área de juegos infantiles y locales comerciales*valor alícuota urbanización $40, 00",https://www.plusvalia.com/propiedades/clasificado/alclapin-alquiler-departamento-sector-el-condado-148702844.html?n_src=Listado&n_pg=1&n_pos=8,https://www.plusvalia.com/alquiler/departamentos/pichincha/quito
2026-03-28T23:19:28.234216,alquiler,departamento,Departamento de 90 m sup2 con 2 recamaras en alquiler,470.0,60.0,90,2,2.0,1,"Galaxias 85 Los Chillos, Quito",Quito,Pichincha,"USD 470 USD 60 Alícuota 90 m² tot. 2 hab. 2 baños 1 estac. Av. Galaxias 85 Los Chillos, Quito Departamento en alquiler en mirasierra, ideal para quienes buscan comodidad y seguridad. Este inmueble de 90 m² ofrece 2 habitaciones y 2 baños, perfecto para familias pequeñas o parejas. - Cuenta con un estacionamiento. - La propiedad tiene acabados de lujo y clóset. Ubicado en una urbanización privada con guardianía/seguridad privada y caseta de guardia, este departamento garantiza tranquilidad. - Disfrute de comodidades como gimnasio, terraza y parqueadero para visitas. - La cocina está equipada y cuenta con extractor de olores. El entorno ofrece centros comerciales, escuelas y parques cercanos, facilitando el acceso a servicios esenciales y áreas de recreación. Además, su ubicación frente a un parque proporciona un ambiente sereno y agradable. El dormitorio principal tiene baño propio y walk-in clóset. El precio es negociable.",https://www.plusvalia.com/propiedades/clasificado/alclapin-departamento-de-90-m-sup2--con-2-recamaras-en-alquiler-148790737.html?n_src=Listado&n_pg=1&n_pos=9,https://www.plusvalia.com/alquiler/departamentos/pichincha/quito
2026-03-28T23:19:28.234292,alquiler,departamento,Elegancia y confort en el corazon de la gonzalez,1700.0,291.0,226,3,3.0,2,"Gonzalez Suarez Avenue González Suárez, Quito",Quito,Pichincha,"USD 1.700 USD 291 Alícuota 226 m² tot. 3 hab. 3 baños 2 estac. Gonzalez Suarez Avenue González Suárez, Quito Este espectacular departamento totalmente amoblado combina diseño de vanguardia con la calidez de materiales naturales. Detalles que marcan la diferencia: Espacio generoso: 226 m² diseñados para tu comodidad. Acabados de lujo: Pisos de piedra en áreas sociales y bambú en habitaciones para un ambiente acogedor. Distribución perfecta: 3 amplias habitaciones + acogedora sala de estar. Funcionalidad total: Cocina equipada, área de lavandería independiente y baño de servicio. 2 estacionamientos privados. El Edificio cuenta con: Seguridad 24/7, gimnasio equipado y sala de uso múltiple. Valor de arriendo: $1, 700. (Alícuota: $291 - incluye agua y guardianía). ¡Vive como te mereces este 2026! Escríbenos para agendar una visita guiada. Contáctanos por WhatsApp. citas disponoibles desde ya. Para rentar desde el mes de abril 2026. Ana Lucía Dávila Ver datos. Fernando Cepeda Ver datos",https://www.plusvalia.com/propiedades/clasificado/alclapin-elegancia-y-confort-en-el-corazon-de-la-gonzalez-148772548.html?n_src=Listado&n_pg=1&n_pos=10,https://www.plusvalia.com/alquiler/departamentos/pichincha/quito
2026-03-28T23:19:28.234435,alquiler,departamento,Se arrienda departamento sector el bosque,1500.0,,426,3,3.0,2,"Calle Alonso de Torres N 43 02 y Beck rollo El Bosque , Quito",Quito,Pichincha,"USD 1.500 426 m² tot. 3 hab. 3 baños 2 estac. Calle Alonso de Torres N 43 02 y Beck rollo El Bosque , Quito Inmohouse360° te ofrece este espectacular Departamento de arriendo con una vista espectacular Y panoramica de la ciudad. Excelente ubicación en Edificio, Diagonal al C. C. El Bosque, cerca de Instituciones Educativas, Universidades, Restaunates, y varios comercios del sector, a pocos minutos del Hospital Metropolitano. Con excelente iluminación natural y una vista espectacular de la ciudad de Quito. Datos del departamento: Área cubierta del departamento: 260 m2. Área de los parqueaderos: 11, 70 m2. Área de terraza privada: 35 m2. Año de construcción: 2000. Área Total de construcción: 426m2. Piso 9. descripción: * Sala Comedor. * Cocina independiente. * Baño Social. * 1 Dormitorio màster con amplio walk-In-Closet y baño con tina. * 2 Dormitorios con baños completos cada uno. * 1 Dormitorio de empleada con baño completo. * 1 Estudio. * 1 Sala de estar. * Àrea de máquinas. * Dos Estacionamientos cubiertos. * Una Bodega. * 70m2 de terraza. áreas comunales: * Cacha multiusos. * Juegos Infantiles. * Sala Comunal. * Gimnacio. * 2 Asensores. *Jardines y Zona especial para mascotas. * Generador elèctrico 100% * Guardia 24h/7 (física) * Cámaras de Seguridad en Áreas Comunes. * Parqueaderos de visitas. La alícuota ya está incluida en el valor de renta. Valor de renta $1. 500. * 2 meses de garantia. Si lo que buscas es un amplio departamento, en uno de los mejores sectores de la ciudad y con una vista espectacular. Contactanos para ofrecerte mayor información y comocer este flamante departamento, llamanos y agenda una visita con uno de nuestros Asesores Ver datos",https://www.plusvalia.com/propiedades/clasificado/alclapin-se-arrienda-departamento-sector-el-bosque-149089017.html?n_src=Listado&n_pg=1&n_pos=11,https://www.plusvalia.com/alquiler/departamentos/pichincha/quito
2026-03-28T23:19:28.234550,alquiler,departamento,Departamento en arriendo en cumbaya colegio aleman,900.0,100.0,180,2,,2,"Colegio Aleman Cumbayá, Quito",Quito,Pichincha,"USD 900 USD 100 Alícuota 180 m² tot. 2 hab. 2 estac. Colegio Aleman Cumbayá, Quito Si buscas un hogar cómodo, bien ubicado y en una urbanización tranquila, este departamento es una excelente eleccións. 180 m con vista panorámica. 2 dormitorios con baño completo(también cuenta con baño social) Sala y comedor independientes. Cocina amplia con comedor diario. Estudio / family room + balcón. Acabados de primera (porcelanato español, chanul) 2 parqueaderos cubiertos + bodega. Cuarto de máquinas. Cuarto y baño de servicio. Urbanización exclusiva. Guardianía 24 horas. Cerca del Colegio Alemán, usfq, Paseo San Francisco y Ruta Viva. Precio: usd 900. Alícuota: usd 100",https://www.plusvalia.com/propiedades/clasificado/alclapin-departamento-en-arriendo-en-cumbaya-colegio-aleman-148868317.html?n_src=Listado&n_pg=1&n_pos=12,https://www.plusvalia.com/alquiler/departamentos/pichincha/quito
2026-03-28T23:19:28.234678,alquiler,departamento,Arriendo suite totalmente amoblada en edificio con,650.0,,73,1,1.0,1,"Colon Y Amazonas Centro Norte, Quito",Quito,Pichincha,"USD 650 73 m² tot. 1 hab. 1 baño 1 estac. AV. Colon Y Amazonas Centro Norte, Quito Rento arriendo alquiler suite totalmente amoblada con todo el menaje sector colon Y amazonas – centro norte de quito• Suite en piso alto con excelente vista• Está totalmente amoblado, cocina con menaje completo• No se aceptan mascotas • línea blanca: lavadora-secadora, cocina, horno microondas, extractor de olores• Terraza cubierta y amoblada• El edificio cuenta con todos los amenities para hacer tu vida más fácil• Un Parqueadero en subsuelo• Guardianía 24/7• Parqueaderos de visitas• Excelente ubicación muy cerca de bancos, centros comerciales, bancos, hospitales, colegios, transporte público, salida al valle de los Chillos, Guápulo y Simón Bolivar• Valor del Arriendo $650 incluye condominio, agua e internet• Garantía dos meses a la firma del contratopara mayor informacion comunicarse con uno de nuestros agentes O envíenos un mensaje por whatsapp - bolsa inmobiliaria nacional - bin",https://www.plusvalia.com/propiedades/clasificado/alclapin-arriendo-suite-totalmente-amoblada-en-edificio-con-149300700.html?n_src=Listado&n_pg=1&n_pos=13,https://www.plusvalia.com/alquiler/departamentos/pichincha/quito
2026-03-28T23:19:28.234764,alquiler,departamento,USD 1.200 180 m² tot. 2 hab. 2,1200.0,,180,2,2.0,1,"Rento Moderno Departamento dos Dormitorios Tumbaco, Quito",Quito,Pichincha,"USD 1.200 180 m² tot. 2 hab. 2 baños 1 estac. Ruta Viva, Rento Moderno Departamento dos Dormitorios Tumbaco, Quito A estrenar!! Rento excelente departamento duplex entre Cumbaya y Tumbaco en el sector de la ruta viva, Ubicado en piso alto, posee 100m2 mas 80m2 entre terraza con bbq y Balcón en master Hermosa vista!! Complejo con espectaculares areas comunes piscina, canchas de tenis y volley, ciclo ruta, bbq, squash, gym, hidromasaje, sauna, billar, juegos de mesa, cine, seguridad 24/7. $1. 200 Inc condominio ( $200)",https://www.plusvalia.com/propiedades/clasificado/alclapin-arriendo-lindo-departamento-de-dos-dorm.-sector-ruta-149346228.html?n_src=Listado&n_pg=1&n_pos=14,https://www.plusvalia.com/alquiler/departamentos/pichincha/quito
2026-03-28T23:19:28.234845,alquiler,departamento,Departamento amoblado de 124 m sup2 en alquiler en la,1000.0,147.0,150,3,2.0,2,"6 de diciembre y Portugal La Carolina, Quito",Quito,Pichincha,"USD 1.000 USD 147 Alícuota 150 m² tot. 3 hab. 2 baños 2 estac. 6 de diciembre y Portugal La Carolina, Quito Ubicado en el sector 6 de Diciembre y Portugal, con acceso inmediato a transporte público. A 100 m de la parada de la Ecovía y a solo 3 cuadras del Parque La Carolina. Restaurantes, cafeterías, farmacias, entidades financieras y servicios a pocos pasos. Área útil: 124, 40 m² Área total: 150 m² 2 parqueaderos. Edificio con: * Guardianía privada. * Cámaras de vigilancia. * Ascensor. * Salón comunal. * Área de bbq. * Área de secado. Distribución: * Sala – comedor con vista a la ciudad. * Cocina amplia con desayunador. * 3 dormitorios amplios y bien iluminados. * 2 ½ baños. * Área de máquinas. * Baño de servicio. Departamento completamente amoblado y en excelente estado. Agende su visita y viva en una de las zonas más dinámicas y cotizadas de Quito. #LaCarolina #DepartamentoAmoblado #ArriendoQuito #QuitoNorte #Inmovez #VidaUrbana #UbicaciónEstratégica",https://www.plusvalia.com/propiedades/clasificado/alclapin-departamento-amoblado-de-124-m-sup2--en-alquiler-en-la-149173798.html?n_src=Listado&n_pg=1&n_pos=15,https://www.plusvalia.com/alquiler/departamentos/pichincha/quito
2026-03-28T23:19:28.234911,alquiler,departamento,USD 775 90 m² tot. 2 hab. 2,775.0,,90,2,2.0,1,"República La Carolina, Quito",Quito,Pichincha,"USD 775 90 m² tot. 2 hab. 2 baños 1 estac. Av. República La Carolina, Quito Piso alto vista ala ciudad, rento departamento a estrenar de dos dormitorios, dos baños, sala comedor cocina estilo americano, acabados de lujo. Edificio con Gym, sala comunal, terraza con Jacuzzi, area de bbq, area de busines center y mucho mas. Guardiania 24/7. Ubicacion previligiada a pasos del Mall El Jardin, a pasos del Parque La Carolina y estacion del metro. Valor $800 sin muebles. Valor amoblado $1. 200",https://www.plusvalia.com/propiedades/clasificado/alclapin-la-carolina-a-estrenar-departamento-dos-dorm.-149348473.html?n_src=Listado&n_pg=1&n_pos=16,https://www.plusvalia.com/alquiler/departamentos/pichincha/quito
2026-03-28T23:19:28.234977,alquiler,departamento,Departamento en renta republica de el salvador,1300.0,,123,3,,1,"Finlandia República de El Salvador, Quito",Quito,Pichincha,"USD 1.300 123 m² tot. 3 hab. 1 estac. Finlandia República de El Salvador, Quito Elegante departamento con vista en piso 8amoblado3 dormitorios cada uno con bañococina americanaamplio balcónlocalizado en calle de alta seguridaden el sector más demandado de la zona Republica del Salvador1 parqueadero1 bodegael gas es centralizadoPrecio incluye alicuota, agua caliente, electricidad, guardia 24/7video vigilanciagym semiequipadoárea infantilmesa de pingpongterraza panorámicasala de eventos",https://www.plusvalia.com/propiedades/clasificado/alclapin-departamento-en-renta-republica-de-el-salvador-148829009.html?n_src=Listado&n_pg=1&n_pos=17,https://www.plusvalia.com/alquiler/departamentos/pichincha/quito
2026-03-28T23:19:28.235054,alquiler,departamento,Renta departamento amoblado en naciones unidas,1790.0,,145,3,3.0,1,"Naciones Unidas La Carolina, Quito",Quito,Pichincha,"USD 1.790 145 m² tot. 3 hab. 3 baños 1 estac. Av. Naciones Unidas La Carolina, Quito Renta departamento amoblado en naciones unidas, edificio unique, 3 habitaciones cada una con su baño. Excelente ubicación en el sector de Naciones Unidas, zona estratégica cerca de la Plataforma Gubernamental, Quicentro Norte, Parque La Carolina, cci y Estadio Olímpico. Área habitable: 125 m² Piso medio. Distribución: 3 habitaciones, cada una con baño privado. Baño social. Sala y comedor amplios. Cocina equipada. Incluye: 1 parqueadero. 1 bodega. El edificio cuenta con amenidades premium: Piscina. Sauna e hidromasajes. Gimnasio. Área bbq. Guardianía 24/7. Valor de renta: $1. 690 (incluye condominio e internet) Ideal para ejecutivos, expatriados o familias que buscan comodidad, seguridad y excelente ubicación.",https://www.plusvalia.com/propiedades/clasificado/alclapin-renta-departamento-amoblado-en-naciones-unidas-149103871.html?n_src=Listado&n_pg=1&n_pos=18,https://www.plusvalia.com/alquiler/departamentos/pichincha/quito
2026-03-28T23:19:28.235124,alquiler,departamento,Departamento con ubicacion privilegiada en cumbaya,1270.0,130.0,90,2,3.0,2,"Vía Lactea Cumbayá, Quito",Quito,Pichincha,"USD 1.270 USD 130 Alícuota 90 m² tot. 2 hab. 3 baños 2 estac. Vía Lactea Cumbayá, Quito Departamento ubicado en la Zona del Colegio Menor, La Victoria, Edf. Olivo. Esta Urbanización cuenta con áreas comunal, piscina, área de niños, gimnasio, roof top con zona de bbq. El departamento 2 habitaciones, sala exterior con chimenea, tiene todo el sistema eléctrico, calentamiento de agua con bomba de calor, sistema eléctrico en las cortinas, jacuzzi en el dormitorio master, toda la iluminación es de Studio K, dos estacionamientos y bodega. Zona céntrica de Cumbayá cercanía a colegios y lugares de esparcimiento, tiene acceso directo al Chaquiñán, guardianía 24 horas, tiene planta eléctrica para uso 100% del edificio. Condominio $130, 71 al mes.",https://www.plusvalia.com/propiedades/clasificado/alclapin-departamento-con-ubicacion-privilegiada-en-cumbaya-149103878.html?n_src=Listado&n_pg=1&n_pos=19,https://www.plusvalia.com/alquiler/departamentos/pichincha/quito
2026-03-28T23:19:28.235181,alquiler,departamento,Bosque amoblado de lujo penthouse 350 m con amplia,2000.0,300.0,450,4,4.0,2,"SECTOR EL BOSQUE El Bosque , Quito",Quito,Pichincha,"USD 2.000 USD 300 Alícuota 450 m² tot. 4 hab. 4 baños 2 estac. SECTOR EL BOSQUE El Bosque , Quito Kanda inmobiliaria arriendo: (favor comunicarse exclusivamente solo clientes interesados, gracias) amoblado de lujo bosque hermoso penthouse arriendo. 350 metros de construccion con vista A quito. (en el valor de arriendo incluye el valor de la alicuota) con amplia terraza 100 metros. pergola. 4 dormitorios. estudio. sala familiar. ambiente social de sala comedor super amplio. gimnacio. bbq. hermosa cocina con desayunador. area de maquinas. area de servicio. 2 parqueaderos. 1 bodega. guardiania las 24 horas. parqueadero de visitas. Ideal para clientes que buscan ubicación estratégica y comodidad. ¡Contáctanos y agenda tu visita hoy mismo!",https://www.plusvalia.com/propiedades/clasificado/alclapin-bosque-amoblado-de-lujo-penthouse-350-m-con-amplia-148989287.html?n_src=Listado&n_pg=1&n_pos=20,https://www.plusvalia.com/alquiler/departamentos/pichincha/quito
2026-03-28T23:19:28.235250,alquiler,departamento,USD 400 USD 35 Alícuota 91 m² tot.,400.0,35.0,91,3,2.0,1,"Avenida Chillo Jijon Conocoto, Quito",Quito,Pichincha,"USD 400 USD 35 Alícuota 91 m² tot. 3 hab. 2 baños 1 estac. Avenida Chillo Jijon Conocoto, Quito Departamento en Renta en Dean Bajo | 3 Dormitorios + Balcón | Vista Panorámica | Ascensor. Amplio y moderno departamento en renta ubicado en el sector Dean Bajo Conocoto Valle de los Chillos. Distribución. Departamento de 3 dormitorios. Dormitorio máster amplio con clóset y baño privado. 2 dormitorios adicionales con amplios clósets. 1 baño completo compartido. Sala y comedor con excelente iluminación natural. Cocina estilo americano con muebles altos y bajos. Desayunador con mesón de granito. Área de máquinas. Balcón privado con buena vista. 1 parqueadero cubierto. Exterior. Áreas verdes. Terraza comunal con pérgola. Zona bbq. Parque infantil. Ubicación y entorno. Ubicado en Dean Bajo Conocoto. Cerca de la Unidad Educativa Gutenberg Schule. A pocos minutos del Municipio del Valle de los Chillos. Cercano a San Luis Shopping, Santa María, Tuti y farmacias. Transporte público a pocos pasos. Sector residencial con fácil acceso a servicios y comercios. Características destacadas. Departamento con excelente vista desde el balcón. Ascensor que llega a todos los pisos. Conjunto con seguridad y guardianía. Salón comunal con baños. Parqueaderos de visitas. Cisterna comunal. Generador eléctrico para áreas comunales. Ideal para. Familias que buscan comodidad y seguridad. Personas que desean vivir en el Valle de los Chillos con buena ubicación. Clientes que valoran espacios amplios, vista y accesibilidad",https://www.plusvalia.com/propiedades/clasificado/alclapin-renta-departamento-3-dorm.-con-balcon-vista-panoramica-149338564.html?n_src=Listado&n_pg=1&n_pos=21,https://www.plusvalia.com/alquiler/departamentos/pichincha/quito
2026-03-28T23:19:28.235341,alquiler,departamento,Lindo departamento urbanizacion exclusiva sector,1130.0,120.0,280,3,2.0,2,"Miravalle Cumbayá, Quito",Quito,Pichincha,"USD 1.130 USD 120 Alícuota 280 m² tot. 3 hab. 2 baños 2 estac. Miravalle Cumbayá, Quito Venta o Alquiler amplio departamento Urbanización exclusiva, sector Miravalle, CumbayáExcelente ubicación cerca de Quito. Perfecto para los que buscan un departamento con jardín para sus mascotas. 180 m2 de área construida100 m2 de jardínPrecio de venta $225. 000Precio de alquiler $1250 (en el precio está incluído alícuota urbanización y alícuota del edificio) 3 habitacionesAmplio estudio y sala de estar que puede ser un cuarto dormitorio2 baños y medioAmplio jardín con jacuzziLa Urbanización tiene: Amplias áreas verdes con juegos infantiles, cancha de fútbol, cancha de tenis, básquet, seguridad, senderos, etcExcelente ubicación entre Quito y Cumbayá. #RentaQuito #RentaCumbayá #RentaMiravalle #DepartamentoEnRenta #VivirEnCumbayá #InmobiliariaQuito #CasaConJardín #DepartamentoDeLujo #VivirEnQuito #DepartamentoConJardín #PetFriendlyQuito #DepartamentoConJacuzzi #UrbanizaciónExclusiva #AmpliasÁreasVerdes #Seguridad24Horas #EspaciosAmplios #VidaTranquila #CumbayáLife #usfq #UniversidadSanFrancisco #RutaViva #ValleDeCumbayá #Miravalle #EntreQuitoycumbayá #VivirBien #VivirTranquilo #Confortyestilo #FamiliasFelices #ExclusividadQuito #JardínPrivado #Deporteynaturaleza",https://www.plusvalia.com/propiedades/clasificado/alclapin-lindo-departamento-urbanizacion-exclusiva-sector-149287818.html?n_src=Listado&n_pg=1&n_pos=23,https://www.plusvalia.com/alquiler/departamentos/pichincha/quito
2026-03-28T23:19:28.235429,alquiler,departamento,Hermoso departamento de arriendo en orizzonte!,1600.0,200.0,159,2,2.0,4,"AUQUI CHICO CUMBAYA Cumbayá, Quito",Quito,Pichincha,"USD 1.600 USD 200 Alícuota 159 m² tot. 2 hab. 2 baños 4 estac. AUQUI CHICO CUMBAYA Cumbayá, Quito Nexos Realty arrienda/alquila este hermoso departamento en orizzonte Cumbayá!! Entrega inmediata!! Constructora de gran prestigio!! Orizzonte es exclusividad!! Diez (10) hectáreas de terreno campestre delimitadas por la quebrada natural de Chacanahuaycu. Ubicación privilegiada con rápido acceso a la Ruta Viva. Por Auqui Chico, detrás del Colegio Alemán y a pocos minutos de Cumbayá!! Son 140 m2 de construcción cubierta. Dos (2) dormitorios y 2. 5 baños. Son 19m2 de balcón. 4 Parqueaderos. 1 Bodega. vive en un club privado. Acceso vehicular y peatonal controlado con tecnología de punta. Amplias vías vehiculares adoquinadas con estacionamientos para visitas. Tres kilómetros de veredas arborizadas. Más de 2. 000 árboles sembrados a lo largo de la urbanización. Casa Club con amplio asadero, salón comunal y sala de cine. Pista de trote y cancha de césped sintético para uso múltiple. Una urbanización de lujo, rodeada de naturaleza, con espacios diseñados pensando en tu familia. Dos parques equipados con juegos infantiles. Parque para mascotas con obstáculos, juegos y diversión canina. Cancha de tenis con baños y duchas comunales. Cancha privada de pádel para uso de los habitantes de la urbanización. Área recreativa abierta de 500 m2 equipada con juegos infantiles y conectada a las áreas comunales del proyecto. bbq Y fire pit: Espacios exteriores diseñados para disfrutar del clima del valle de Cumbayá salón comunal Y game room: Espacios de diversión para niños, jóvenes y adultos. Gimnasio completamente equipado conectado a las áreas húmedas. Área húmeda completa, con spa, piscina, jacuzzi, turco. sala de cine: Termina tu día con una película en familia. Para conocer esta linda propiedad comunícate con Nexos Realty!!",https://www.plusvalia.com/propiedades/clasificado/alclapin-hermoso-departamento-de-arriendo-en-orizzonte!-149148753.html?n_src=Listado&n_pg=1&n_pos=24,https://www.plusvalia.com/alquiler/departamentos/pichincha/quito
2026-03-28T23:19:28.235516,alquiler,departamento,USD 1.380 256 m² tot. 2 hab. 2,1380.0,,256,2,2.0,2,"Ecuador Cumbayá, Quito",Quito,Pichincha,"USD 1.380 256 m² tot. 2 hab. 2 baños 2 estac. Calle del Establo Quito, Ecuador Cumbayá, Quito Dúplex Amoblado, 2 dormitorios con baño propio, terraza con jacuzzi, bbq privada, amenidades piscina, guardianía 24 horas presencialDescripción: Área de Construcción Cubierta: 176, 31 m2Área de Construcción Abierta: 80, 43m2Área de Construcción Total: 256, 74 m2Planta Bajabaño social, cuarto de máquinas independienteCocina abiertaSalaElegante comedorPatio ExteriorCon pérgola, piso de porcelanatoJacuzziCasa de Madera amplia para juego de niñosÁrea de bbq en el mismo nivel, pero independientePlanta AltaEstudio Abierto2 dormitorios amplios con baño independiente, master con walking closet2 Parqueaderos1 BodegaIncluye Alícuota (Servicios Comunales guardianía) No incluye ningún servicio básico privado agua luz, etcFacilidades y Amenidades• Diseño moderno, • Seguridad 24/7• Dos ascensores• Gas centralizado. • Piscina• Gimnasio• Áreas verdes y jardines• Área infantil• Acabados de lujo. • Plata de luz. • Parqueaderos de visitas• Area de bbq• Área de Lavandería• Gimnasio• SeguridadViva Cumbayá en su mejor versión: lujo, ubicación y confort en un solo lugarDescubra este exclusivo departamento dúplexde lujo amoblado en renta, ubicado en uno de los sectores más cotizados de Cumbayá – Site Center, una zona que combina modernidad, naturaleza y una excelentecalidad de vida. Ideal para familias pequeñas, o expatriados que buscan comodidad, seguridad y una ubicación estratégica. Su privilegiada localización ofrece rápido acceso a la Ruta VivaAv. Oswaldo Guayasamín y vías principales, conectándolo fácilmentecon el aeropuerto, Quito y los mejores colegios, universidades, centros comerciales y restaurantes del valle. El departamento cuenta con amplios espacios interiores y exteriores, acabados de lujo y un diseño moderno que se complementa con unaterraza apergolada privada, jacuzzi, área bbq y un patio ideal paradisfrutar en familia o recibir invitados. Totalmente amoblado, listopara mudarse sin preocupaciones. El conjunto residencial ofrece amenidades premium: piscina, gimnasio, áreas verdes, zona infantil, sauna, ascensores y seguridadpresencial 24/7, garantizando tranquilidad y bienestar. Además, no admite mascotas, cuenta con parqueaderos de visita y planta eléctrica. Una propiedad pensada para quienes valoran ubicación, estilo y calidad de vida en el corazón de Cumbayá. Atencion con previa cita",https://www.plusvalia.com/propiedades/clasificado/alclapin-renta-departamento-duplex-de-lujo-amoblado-2-dorm.-148504546.html?n_src=Listado&n_pg=1&n_pos=25,https://www.plusvalia.com/alquiler/departamentos/pichincha/quito
2026-03-28T23:19:28.235662,alquiler,departamento,USD 760 120 m² tot. 3 hab. 2,760.0,,120,3,2.0,1,"Ignacio Bossano Bellavista, Quito",Quito,Pichincha,"USD 760 120 m² tot. 3 hab. 2 baños 1 estac. Ignacio Bossano Bellavista, Quito ️ Rento Hermoso y exclusivo Departamento de 3 habitaciones sin muebles. Sector: Bossano. 105 m2 habitables más 5 m2 de balcón. Hermosa Vista, piso alto. 2 baños completos. Piso alto. Edificio de 9 años de antigüedad con: Gimnasio, bbq, Seguridad 24/7, salón comunal. 1 parqueadero. 1 bodega. Precio de renta: $760 incluido Condominio (precio fijo) Más información a los contactos: Ver datos / Ver datos. ️ mgm Inmobiliaria",https://www.plusvalia.com/propiedades/clasificado/alclapin-rento-lindo-dpto.-sin-muebles-con-balcon.-sector-148949020.html?n_src=Listado&n_pg=1&n_pos=26,https://www.plusvalia.com/alquiler/departamentos/pichincha/quito
2026-03-28T23:19:28.235731,alquiler,departamento,Vive donde todo pasa: republica de el salvador,750.0,120.0,120,3,2.0,2,"Filandia República de El Salvador, Quito",Quito,Pichincha,"USD 750 USD 120 Alícuota 120 m² tot. 3 hab. 2 baños 2 estac. Filandia República de El Salvador, Quito Vive donde todo pasa: República de El Salvador. Departamento amplio, elegante y listo para ti. 128 m² de comodidad y estilo en una de las zonas más exclusivas de Quito. Características principales: - 3 habitaciones luminosas. - 2 baños completos + baño de servicio. - Área de máquinas independiente. - Terraza privada con bbq. 2 parqueaderos + bodega amplia. Amenidades premium del edificio: ️ Gimnasio equipado. Cancha de squash. Sauna y turco. Salón comunal. Generador eléctrico. 2 ascensores modernos. Piso de tablón que aporta elegancia y calidez. 15 años – excelente estado de mantenimiento. Venta: $215. 000. Renta: $750 + alícuota ($120) Ideal para quienes buscan amplitud, ubicación estratégica y calidad de vida.",https://www.plusvalia.com/propiedades/clasificado/veclapin-vive-donde-todo-pasa:-republica-de-el-salvador-149279501.html?n_src=Listado&n_pg=1&n_pos=27,https://www.plusvalia.com/alquiler/departamentos/pichincha/quito
2026-03-28T23:19:28.235797,alquiler,departamento,USD 800 15% USD 100 Alícuota 133 m²,800.0,100.0,133,2,2.0,2,"Tumbaco Intervalles Tumbaco, Quito",Quito,Pichincha,"USD 800 15% USD 100 Alícuota 133 m² tot. 2 hab. 2 baños 2 estac. Tumbaco Intervalles Tumbaco, Quito Link inmobiliario & consultores Renta Departamento moderno con linea blanca muy buenos acabados en Urbanización privada con guardia 24 horas, excelente ubicación a 6 minutos del Centro Comercial Scala, Hospital de los Valles, dos minutos de la Ruta viva y 5 minutos del nuevo Hospital Metropolitano en Cumbayá El departamento está distribuido de la siguiente forma: - Sala, comedor, cocina un solo ambienté -Cocina equipada con encimera, extractor de olores, horno, - Baño social. - Dormitorio máster con su baño completo y terraza con su pequeña área verde. - Dormitorio con su baño completo. - Área para sala exterior de 33 metros cuadrados. - Área de máquinas. - Dos parqueaderos. - Bodega. El edificio cuenta con gimnasio, área de bbq y la urbanización posee cancha de futbol y juegos infantiles. El valor no incluye alícuota",https://www.plusvalia.com/propiedades/clasificado/alclapin-departamento-en-renta-tumbaco-intervalles-urb.-privada-149148970.html?n_src=Listado&n_pg=1&n_pos=28,https://www.plusvalia.com/alquiler/departamentos/pichincha/quito
2026-03-28T23:19:28.235865,alquiler,departamento,Cumbaya san juan alto precioso departamento en,1100.0,201.0,143,3,3.0,2,"00 m2 Cumbayá, Quito",Quito,Pichincha,"USD 1.100 USD 201 Alícuota 143 m² tot. 3 hab. 3 baños 2 estac. Cumbayá - San Juan Alto, Precioso Departamento en Arriendo, de 3 Dormitorios - 128.00 m2 Cumbayá, Quito Corporación Vyasa arrienda, En Cumbayá - San Juan Alto, exclusivo departamento de 127, 94 m2, con 3 dormitorios, cada uno con baño, amplia área de terraza de 15. 45 m2 aproximadamente, espectacular vista hacia el valle, cuenta con patio interno de 46. 74 m2 con pérgola, con dos estacionamientos y una bodega. Valor de condominio: $201, 00Precio de arriendo: $ 1. 100, 00 más condominio&quot;Usted puede ver más alternativas en nuestra página Web corporacionvyasa. Com&quot;",https://www.plusvalia.com/propiedades/clasificado/alclapin-cumbaya-san-juan-alto-precioso-departamento-en-148350470.html?n_src=Listado&n_pg=1&n_pos=29,https://www.plusvalia.com/alquiler/departamentos/pichincha/quito
